{ 
    "restartPoint": {},
    "restartBot": {},
    "userAgent": {},
    "keyCommand": "",
    "autoAdd": false,
    "autoJoin": true,
    "autoJoinTicket": false,
    "autoReject": false,
    "autoLeave": false,
    "autoRead": false,
    "autoBlock": false,
    "stickerOn": false,  
    "server": {},
    "changePicture": false,
    "changeGroupPicture": false,
    "Img": {},
    "Images": {},
    "Addimage": false,
    "Addvideo": false,
    "Addaudio": false,
    "Addsticker": false,
    "adddmin": false,
    "delladmin": false,
    "addstaff": false,
    "dellstaff": false,
    "addbots": false,
    "dellbots": false,
    "unsend": false,
    "Timeline": false,
    "invite": false,
    "mentionKick": false,
    "Kickallmember": false,
    "contact": false,
    "detectMention": false,
    "autoread": false,
    "autoscan": false,
    "blacklist": {
        "u5a0b4bb5d3a6d48aca8473326062af75": true
    },
    "dblacklist": false,
    "foto": {},
    "greet": {},
    "limit": 5,
    "message": "Hallo~",
    "message1": "Hey~",
    "allprotect": true,
    "readMember": {},
    "readPoint": {},
    "wblacklist": false
}
